{"0_0_0_0": [-700.0, 0, 1], "420_-60_-9_0": [-700.0, 0, 1], "420_-50_-8_0": [0, 0, 0], "420_-40_-9_0": [-700.0, -700.0, 2], "350_-30_-8_0": [-700.0, 0, 1], "350_-30_-7_0": [0, 0, 0], "350_-20_-9_0": [0, 0, 0], "350_-10_-9_0": [-700.0, 0, 1], "350_0_-8_0": [-700.0, 0, 1], "350_10_-7_0": [-700.0, -700.0, 2], "350_10_-6_0": [0, 0, 0], "350_20_-5_0": [-700.0, 0, 1], "350_20_-4_0": [-700.0, 0, 1], "350_20_-3_0": [-700.0, 0, 1], "350_30_-2_0": [-700.0, 0, 1], "350_30_-1_0": [0, 0, 0], "350_30_0_0": [-700.0, 0, 1], "350_30_1_0": [-700.0, 0, 1], "350_20_2_0": [-700.0, 0, 1], "350_20_3_0": [-700.0, 0, 1], "350_20_4_0": [0, 0, 0], "350_10_5_0": [-700.0, 0, 1], "280_10_6_0": [-700.0, 0, 1], "280_0_7_0": [-700.0, 0, 1], "280_-10_8_0": [0, 0, 0], "280_0_-9_0": [-700.0, 0, 1], "280_10_-8_0": [-700.0, 0, 1], "280_20_-7_0": [0, 0, 0], "280_20_-9_0": [-700.0, 0, 1], "280_30_-8_0": [0, 0, 0], "280_40_-9_0": [-700.0, 0, 1], "280_50_-8_0": [0, 0, 0], "280_60_-7_0": [0, 0, 0], "280_60_-6_0": [-700.0, -1141.0, 2], "280_70_-5_0": [0, 0, 0], "280_70_-4_0": [0, 0, 0], "280_80_-9_0": [-700.0, -700.0, 2], "280_90_-8_0": [0, 0, 0], "280_100_-7_0": [0, 0, 0], "210_100_-6_0": [-700.0, 0, 1], "210_110_-5_0": [-700.0, 0, 1], "210_110_-4_0": [0, 0, 0], "210_120_-9_0": [-700.0, 0, 1], "210_130_-8_0": [-700.0, 0, 1], "210_130_-7_0": [-700.0, 0, 1], "210_140_-6_0": [-700.0, 0, 1], "210_150_-5_0": [0, 0, 0], "210_150_-9_0": [-700.0, 0, 1], "210_160_-8_0": [0, 0, 0], "210_170_-9_0": [-700.0, 0, 1], "210_180_-8_0": [-1691.83, -1141.0, 4], "210_180_-7_0": [-1414.0, -1141.0, 4], "210_180_-6_0": [-700.0, -1273.3, 2], "210_180_-9_0": [-1628.83, -1737.19, 6], "140_180_-5_0": [-700.0, 0, 1], "140_180_-4_0": [-700.0, 0, 1], "140_180_-3_0": [-700.0, 0, 1], "140_240_-2_0": [0, 0, 0], "140_240_-1_0": [-700.0, -1141.0, 2], "140_240_0_0": [-700.0, 0, 1], "140_240_1_0": [-700.0, -1141.0, 2], "140_180_2_0": [-700.0, 0, 1], "140_180_3_0": [0, 0, 0], "140_180_4_0": [0, 0, 0], "140_240_-9_0": [-1887.2118999999998, -700.0, 3], "140_240_-8_0": [-1996.12, -1551.1299999999999, 4], "140_240_-7_0": [-1351.0, -1483.3000000000002, 4], "140_240_-6_0": [0, 0, 0], "140_240_-5_0": [-700.0, -1141.0, 2], "140_240_-4_0": [0, 0, 0], "140_240_-3_0": [-700.0, -1141.0, 2], "130_240_-2_0": [-700.0, 0, 1], "130_240_-1_0": [0, 0, 0], "130_240_0_0": [-700.0, 0, 1], "120_240_1_0": [-700.0, 0, 1], "120_240_2_0": [0, 0, 0], "110_240_3_0": [-700.0, 0, 1], "110_240_4_0": [-700.0, 0, 1], "110_240_5_0": [-700.0, 0, 1], "100_240_6_0": [-700.0, 0, 1], "100_240_7_0": [-700.0, 0, 1], "90_240_8_0": [-700.0, 0, 1], "90_180_9_0": [-700.0, 0, 1], "90_180_10_0": [-700.0, -700.0, 2], "80_180_10_0": [-700.0, 0, 1], "70_180_-9_0": [-700.0, 0, 1], "70_180_-8_0": [-700.0, 0, 1], "70_180_-7_0": [-700.0, 0, 1], "60_180_-9_0": [-700.0, 0, 1], "60_240_-8_0": [-700.0, 0, 1], "50_240_-7_0": [-700.0, 0, 1], "50_240_-6_0": [-700.0, -700.0, 2], "50_240_-5_0": [-700.0, 0, 1], "40_240_-4_0": [-700.0, 0, 1], "40_240_-3_0": [-700.0, 0, 1], "30_240_-2_0": [-700.0, 0, 1], "30_240_-1_0": [-700.0, 0, 1], "30_240_0_0": [-700.0, 0, 1], "420_20_-9_0": [-700.0, 0, 1], "420_30_-8_0": [-700.0, -700.0, 2], "420_30_-7_0": [0, 0, 0], "350_40_-6_0": [-700.0, -1141.0, 2], "350_40_-5_0": [-700.0, 0, 1], "350_50_-4_0": [0, 0, 0], "350_50_-3_0": [-700.0, 0, 1], "350_50_-2_0": [-700.0, 0, 1], "350_50_-1_0": [0, 0, 0], "350_50_0_0": [-700.0, 0, 1], "350_50_1_0": [-700.0, 0, 1], "350_50_2_0": [0, 0, 0], "350_50_3_0": [-700.0, 0, 1], "350_40_4_0": [-700.0, 0, 1], "350_40_5_0": [-700.0, 0, 1], "350_30_6_0": [0, 0, 0], "350_30_7_0": [-700.0, 0, 1], "350_20_8_0": [0, 0, 0], "350_30_-9_0": [0, 0, 0], "350_40_-9_0": [-700.0, 0, 1], "350_40_-8_0": [0, 0, 0], "280_50_-7_0": [-1141.0, 0, 1], "280_70_-9_0": [0, 0, 0], "280_90_-9_0": [-700.0, 0, 1], "280_100_-8_0": [0, 0, 0], "280_110_-7_0": [-700.0, 0, 1], "280_110_-6_0": [-700.0, 0, 1], "280_120_-5_0": [-700.0, 0, 1], "280_120_-4_0": [-700.0, 0, 1], "280_130_-3_0": [0, 0, 0], "280_130_-9_0": [-700.0, 0, 1], "280_140_-8_0": [-700.0, 0, 1], "280_150_-9_0": [-700.0, -1141.0, 2], "280_160_-9_0": [-700.0, -700.0, 2], "280_170_-8_0": [-1273.3, 0, 1], "210_240_-9_0": [-1948.9248100000002, -1585.9900000000002, 9], "210_240_-8_0": [-910.0, -1909.1737000000003, 4], "210_240_-7_0": [-700.0, 0, 1], "210_300_-6_0": [-1551.1299999999999, 0, 1], "210_300_-5_0": [-1351.0, -1351.0, 4], "210_300_-4_0": [-1351.0, -700.0, 3], "140_300_-3_0": [-700.0, -1418.83, 2], "140_300_-2_0": [-1628.83, -1141.0, 3], "140_300_-1_0": [-1351.0, -1141.0, 3], "140_300_0_0": [-700.0, -700.0, 2], "140_300_1_0": [-700.0, -700.0, 2], "140_300_2_0": [-1418.83, 0, 1], "140_300_3_0": [-700.0, 0, 1], "140_300_4_0": [-1351.0, -1141.0, 3], "140_300_5_0": [-910.0, -700.0, 3], "140_240_6_0": [-700.0, 0, 1], "140_240_7_0": [-700.0, -700.0, 2], "140_240_8_0": [-1634.479, 0, 1], "140_300_-8_0": [-1551.1299999999999, 0, 1], "140_300_-7_0": [-1351.0, -1418.83, 3], "140_300_-6_0": [-700.0, -700.0, 2], "140_300_-5_0": [-1141.0, 0, 1], "130_300_-4_0": [0, 0, 0], "130_300_-3_0": [0, 0, 0], "130_300_-2_0": [0, 0, 0], "120_300_-1_0": [0, 0, 0], "120_300_0_0": [-700.0, 0, 1], "110_300_1_0": [0, 0, 0], "110_300_2_0": [-700.0, 0, 1], "110_300_3_0": [-700.0, 0, 1], "100_300_4_0": [-700.0, 0, 1], "100_300_5_0": [-700.0, 0, 1], "90_300_6_0": [0, 0, 0], "90_300_7_0": [-700.0, -700.0, 2], "80_240_9_0": [0, 0, 0], "80_240_-9_0": [0, 0, 0], "70_300_-8_0": [-700.0, 0, 1], "70_300_-9_0": [-700.0, -700.0, 2], "60_300_-7_0": [0, 0, 0], "60_300_-6_0": [-700.0, 0, 1], "50_300_-5_0": [0, 0, 0], "50_300_-4_0": [-700.0, 0, 1], "50_300_-3_0": [-700.0, 0, 1], "40_300_-2_0": [-700.0, 0, 1], "40_300_-1_0": [0, 0, 0], "30_300_0_0": [-700.0, 0, 1], "30_300_1_0": [-700.0, 0, 1], "30_300_2_0": [-700.0, 0, 1], "420_70_-9_0": [-700.0, 0, 1], "420_80_-9_0": [-700.0, 0, 1], "420_80_-8_0": [0, 0, 0], "350_90_-9_0": [-1351.0, -1141.0, 3], "350_100_-8_0": [-700.0, -1141.0, 2], "350_110_-7_0": [-700.0, 0, 1], "350_110_-6_0": [-700.0, 0, 1], "350_120_-5_0": [-700.0, 0, 1], "350_120_-4_0": [-700.0, 0, 1], "350_130_-3_0": [-700.0, 0, 1], "350_130_-2_0": [-700.0, 0, 1], "350_130_-1_0": [-700.0, 0, 1], "350_130_0_0": [-700.0, 0, 1], "350_130_1_0": [-700.0, 0, 1], "350_130_2_0": [0, 0, 0], "350_120_3_0": [0, 0, 0], "350_130_-9_0": [-1483.3000000000002, -1141.0, 3], "350_140_-8_0": [-1351.0, -700.0, 3], "350_150_-7_0": [-700.0, -700.0, 2], "350_150_-6_0": [-700.0, 0, 1], "350_160_-5_0": [0, 0, 0], "280_170_-9_0": [-1759.0647193, 0, 1], "280_180_-9_0": [-1848.9749383, -1769.887, 9], "280_180_-8_0": [-1893.471643, -2281.427533, 7], "280_180_-7_0": [-700.0, -2359.537453, 3], "280_180_-6_0": [-1273.3, 0, 1], "280_180_-5_0": [-700.0, 0, 1], "280_180_-4_0": [-700.0, 0, 1], "280_180_-3_0": [-700.0, -1706.6751099999997, 2], "280_240_-2_0": [-700.0, 0, 1], "280_240_-9_0": [-1708.18039, -2436.9060456999996, 12], "280_240_-8_0": [-700.0, -1844.479, 3], "210_300_-9_0": [-1966.069, -1483.3000000000002, 6], "210_300_-8_0": [-2212.3927000000003, -1141.0, 6], "210_300_-7_0": [-1141.0, -1634.479, 2], "210_360_-9_0": [-700.0, 0, 1], "210_360_-8_0": [-700.0, 0, 1], "210_360_-7_0": [-1141.0, 0, 1], "210_360_-6_0": [-1844.479, -1141.0, 3], "210_360_-5_0": [-1483.3, -1761.13, 4], "210_360_-4_0": [-1414.0, -1141.0, 4], "210_360_-3_0": [-700.0, -700.0, 2], "210_360_-2_0": [-700.0, -1726.1629, 2], "140_360_-1_0": [-1628.83, -1761.1299999999999, 4], "140_360_0_0": [-1141.0, -1418.83, 2], "140_360_1_0": [-1351.0, -1936.1629000000003, 4], "140_360_2_0": [-1936.1629, -1418.83, 3], "140_360_3_0": [-1628.83, -1976.779, 4], "140_360_4_0": [-1628.83, -1483.3000000000002, 4], "140_360_5_0": [-1351.0, -1141.0, 3], "140_360_6_0": [-1351.0, -700.0, 3], "140_360_7_0": [0, 0, 0], "140_360_8_0": [-700.0, 0, 1], "140_360_9_0": [0, 0, 0], "140_360_-9_0": [0, 0, 0], "140_360_-8_0": [-1351.0, -1141.0, 3], "140_360_-7_0": [-700.0, -1418.83, 2], "140_360_-6_0": [-1351.0, -1761.13, 4], "140_360_-5_0": [-1351.0, -1141.0, 3], "140_360_-4_0": [-1351.0, -700.0, 3],